INSERT INTO persistence_geo.layer_type(
            id, name)
    VALUES (1, 'WMS');
INSERT INTO persistence_geo.layer_type(
            id, name)
    VALUES (2, 'WFS');
INSERT INTO persistence_geo.layer_type(
            id, name)
    VALUES (3, 'KML');
INSERT INTO persistence_geo.layer_type(
            id, name)
    VALUES (5, 'GML');
INSERT INTO persistence_geo.layer_type(
            id, name)
    VALUES (6, 'TEXT');
INSERT INTO persistence_geo.layer_type(
            id, name)
    VALUES (7, 'WMST');
    
INSERT INTO persistence_geo.layer_type_property(
            id, name)
    VALUES (1, 'projection');
INSERT INTO persistence_geo.layer_type_property(
            id, name)
    VALUES (2, 'url');
    
INSERT INTO persistence_geo.layer_type_property(
            id, name)
    VALUES (3, 'testLayer');
    
INSERT INTO persistence_geo.layer_type_property(
            id, name)
    VALUES (4, 'layers');
    
INSERT INTO persistence_geo.layer_type_property(
            id, name)
    VALUES (5, 'transparent');
    
INSERT INTO persistence_geo.layer_type_property(
            id, name)
    VALUES (6, 'format');
    
INSERT INTO persistence_geo.layer_type_property(
            id, name)
    VALUES (7, 'isBaseLayer');
    
INSERT INTO persistence_geo.layer_type_property(
            id, name)
    VALUES (8, 'opacity');
    
INSERT INTO persistence_geo.layer_type_property(
            id, name)
    VALUES (9, 'visibility');
    
INSERT INTO persistence_geo.layer_type_property(
            id, name)
    VALUES (10, 'resolutions');
    
INSERT INTO persistence_geo.layer_type_property(
            id, name)
    VALUES (11, 'buffer');
    
INSERT INTO persistence_geo.layer_type_property(
            id, name)
    VALUES (12, 'maxExtent');
    
    
INSERT INTO persistence_geo.layer_type_layer_type_property(
            layer_type_id, defaultproperties_id)
    VALUES (7, 3);
INSERT INTO persistence_geo.layer_type_layer_type_property(
            layer_type_id, defaultproperties_id)
    VALUES (7, 4);
INSERT INTO persistence_geo.layer_type_layer_type_property(
            layer_type_id, defaultproperties_id)
    VALUES (7, 5);
INSERT INTO persistence_geo.layer_type_layer_type_property(
            layer_type_id, defaultproperties_id)
    VALUES (7, 6);
INSERT INTO persistence_geo.layer_type_layer_type_property(
            layer_type_id, defaultproperties_id)
    VALUES (7, 7);
INSERT INTO persistence_geo.layer_type_layer_type_property(
            layer_type_id, defaultproperties_id)
    VALUES (7, 8);
INSERT INTO persistence_geo.layer_type_layer_type_property(
            layer_type_id, defaultproperties_id)
    VALUES (7, 9);
INSERT INTO persistence_geo.layer_type_layer_type_property(
            layer_type_id, defaultproperties_id)
    VALUES (7, 10);
INSERT INTO persistence_geo.layer_type_layer_type_property(
            layer_type_id, defaultproperties_id)
    VALUES (7, 11);
INSERT INTO persistence_geo.layer_type_layer_type_property(
            layer_type_id, defaultproperties_id)
    VALUES (7, 12);

INSERT INTO persistence_geo.layer_type_layer_type_property(
            layer_type_id, defaultproperties_id)
    VALUES (1, 3);
INSERT INTO persistence_geo.layer_type_layer_type_property(
            layer_type_id, defaultproperties_id)
    VALUES (1, 4);
INSERT INTO persistence_geo.layer_type_layer_type_property(
            layer_type_id, defaultproperties_id)
    VALUES (1, 5);
INSERT INTO persistence_geo.layer_type_layer_type_property(
            layer_type_id, defaultproperties_id)
    VALUES (1, 6);
INSERT INTO persistence_geo.layer_type_layer_type_property(
            layer_type_id, defaultproperties_id)
    VALUES (1, 7);
INSERT INTO persistence_geo.layer_type_layer_type_property(
            layer_type_id, defaultproperties_id)
    VALUES (1, 8);
INSERT INTO persistence_geo.layer_type_layer_type_property(
            layer_type_id, defaultproperties_id)
    VALUES (1, 9);
INSERT INTO persistence_geo.layer_type_layer_type_property(
            layer_type_id, defaultproperties_id)
    VALUES (1, 11);
INSERT INTO persistence_geo.layer_type_layer_type_property(
            layer_type_id, defaultproperties_id)
    VALUES (1, 12);